2015-01-01, Security Name Sixteen, SN16, BUY, 100, 5.00
2015-01-01, Security Name Seventeen, SN17, BUY, 100, 5.00
2015-01-01, Security Name Eighteen, SN18, BUY, 100, 5.00
2015-01-01, Security Name Nineteen, SN19, BUY, 100, 5.00
2015-01-01, Security Name Twenty, SN20, BUY, 100, 5.00
2015-01-01, Security Name Twentyone, SN21, BUY, 100, 5.00
2015-01-01, Security Name Twentytwo, SN22, BUY, 100, 5.00
2015-01-01, Security Name TwentyThree, SN23, BUY, 100, 5.00
2015-01-01, Security Name TwentyFour, SN24, BUY, 100, 5.00
2015-01-01, Security Name TwentyFive, SN25, BUY, 100, 5.00
2015-01-01, Security Name TwentySix, SN26, BUY, 100, 5.00
2015-01-01, Security Name TwentySeven, SN27, BUY, 100, 5.00
2015-01-01, Security Name TwentyEight, SN28, BUY, 100, 5.00
2015-01-01, Security Name TwentyNine, SN29, BUY, 100, 5.00
2015-01-01, Security Name Thirty, SN30, BUY, 100, 2.99
2015-01-01, Security Name Sixteen, SN16, SELL, 55, 5.00
2015-01-01, Security Name Seventeen, SN17, SELL, 43, 7.00
2015-01-01, Security Name Eighteen, SN18, SELL, 99, 3.00
2015-01-01, Security Name Nineteen, SN19, SELL, 88, 5.00
2015-01-01, Security Name Twenty, SN20, SELL, 77, 3.89
2015-01-01, Security Name TwentyOne, SN221, SELL, 67, 4.99
2015-01-01, Security Name TwentyTwo, SN2, SELL, 55, 6.00
2015-01-01, Security Name TwentyThree, SN23, SELL, 83, 2.99
2015-01-01, Security Name TwentyFour, SN24, SELL, 79, 3.00
2015-01-01, Security Name TwentyFive, SN25, SELL, 81, 1.99
2015-01-01, Security Name TwentySix, SN26, SELL, 99, 6.00
2015-01-01, Security Name TwentySeven, SN27, SELL, 87, 3.00
2015-01-01, Security Name TwentyEight, SN28, SELL, 88, 2.00
2015-01-01, Security Name TwentyNine, SN29, SELL, 78, 1.85
2015-01-01, Security Name Thirty, SN30, SELL, 77, 2.75
